op,loops,elapsed_s,ops_per_s
ADD,10000,0.046160,216635.48
SUB,10000,0.041263,242350.13
