op,runs,min,max,avg,stddev
NOP,27,0.000106,0.000155,0.000151,0.000009
ADD,27,0.000152,0.000157,0.000153,0.000001
SUB,27,0.000152,0.000157,0.000153,0.000001
MULT,27,0.000149,0.000159,0.000153,0.000002
DIV,27,0.000152,0.000156,0.000153,0.000001
SQRT,27,0.000152,0.000158,0.000154,0.000002
LOAD,27,0.000146,0.000155,0.000153,0.000002
STOR,27,0.000152,0.000158,0.000153,0.000001
JMP,27,0.000148,0.000157,0.000154,0.000002
